[
    {
      "code": "DE",
      "name": "Germany",
      "format": "11 digits",
      "example": "12345678901"
    },
    {
      "code": "SE",
      "name": "Sweden",
      "format": "YYMMDDXXXX",
      "example": "8501011234"
    },
    {
      "code": "NO",
      "name": "Norway",
      "format": "11 digits",
      "example": "12345678901"
    },
    {
      "code": "UK",
      "name": "United Kingdom",
      "format": "2 letters + 6 digits + 1 letter",
      "example": "QQ123456C"
    },
    {
      "code": "US",
      "name": "United States",
      "format": "XXX-XX-XXXX",
      "example": "123-45-6789"
    },
    {
      "code": "CA",
      "name": "Canada",
      "format": "9 digits",
      "example": "123456789"
    },
    {
      "code": "FR",
      "name": "France",
      "format": "13 digits",
      "example": "1234567890123"
    },
    {
      "code": "ES",
      "name": "Spain",
      "format": "1 letter + 8 digits",
      "example": "X12345678"
    },
    {
      "code": "NL",
      "name": "Netherlands",
      "format": "9 digits + 'B01'",
      "example": "123456789B01"
    },
    {
      "code": "CH",
      "name": "Switzerland",
      "format": "13 digits",
      "example": "7569217076983"
    },
    {
      "code": "BE",
      "name": "Belgium",
      "format": "11 digits",
      "example": "85010112345"
    },
    {
      "code": "FI",
      "name": "Finland",
      "format": "DDMMYY-XXXX",
      "example": "131052-308T"
    },
    {
      "code": "IS",
      "name": "Iceland",
      "format": "DDMMYYXXXX",
      "example": "1201743399"
    },
    {
      "code": "IT",
      "name": "Italy",
      "format": "16-character alphanumeric",
      "example": "RSSMRA85M01H501Z"
    },
    {
      "code": "PL",
      "name": "Poland",
      "format": "10 digits",
      "example": "1234567890"
    },
    {
      "code": "IE",
      "name": "Ireland",
      "format": "7 digits + 1 or 2 letters",
      "example": "1234567T"
    },
    {
      "code": "AU",
      "name": "Australia",
      "format": "9 digits",
      "example": "123456782"
    },
    {
      "code": "NZ",
      "name": "New Zealand",
      "format": "8-9 digits",
      "example": "123456789"
    },
    {
      "code": "SG",
      "name": "Singapore",
      "format": "1 letter + 7 digits + 1 letter",
      "example": "S1234567D"
    },
    {
      "code": "AT",
      "name": "Austria",
      "format": "9 digits",
      "example": "123456789"
    },
    {
      "code": "CZ",
      "name": "Czech Republic",
      "format": "9 or 10 digits",
      "example": "1234567890"
    },
    {
      "code": "PT",
      "name": "Portugal",
      "format": "9 digits",
      "example": "123456789"
    },
    {
      "code": "HU",
      "name": "Hungary",
      "format": "10 digits",
      "example": "1234567890"
    },
    {
      "code": "RO",
      "name": "Romania",
      "format": "13 digits",
      "example": "1234567890123"
    },
    {
      "code": "LT",
      "name": "Lithuania",
      "format": "11 digits",
      "example": "39303136519"
    },
    {
      "code": "LV",
      "name": "Latvia",
      "format": "11 digits",
      "example": "01010012345"
    },
    {
      "code": "EE",
      "name": "Estonia",
      "format": "11 digits",
      "example": "38501010005"
    },
    {
      "code": "LU",
      "name": "Luxembourg",
      "format": "13 digits",
      "example": "1985110912345"
    },
    {
      "code": "SK",
      "name": "Slovakia",
      "format": "10 digits",
      "example": "1234567890"
    },
    {
      "code": "SI",
      "name": "Slovenia",
      "format": "8 digits",
      "example": "12345678"
    },
    {
      "code": "HR",
      "name": "Croatia",
      "format": "11 digits",
      "example": "12345678901"
    },
    {
      "code": "GR",
      "name": "Greece",
      "format": "9 digits",
      "example": "123456789"
    },
    {
      "code": "BG",
      "name": "Bulgaria",
      "format": "10 digits",
      "example": "1234567890"
    },
    {
      "code": "CY",
      "name": "Cyprus",
      "format": "8 digits + 1 letter",
      "example": "12345678L"
    },
    {
      "code": "MT",
      "name": "Malta",
      "format": "9 characters",
      "example": "1234567M"
    },
    {
      "code": "TR",
      "name": "Turkey",
      "format": "11 digits",
      "example": "12345678901"
    },
    {
      "code": "BR",
      "name": "Brazil",
      "format": "XXX.XXX.XXX-XX",
      "example": "123.456.789-09"
    },
    {
      "code": "AR",
      "name": "Argentina",
      "format": "XX-XXXXXXXX-X",
      "example": "20-12345678-3"
    },
    {
      "code": "MX",
      "name": "Mexico",
      "format": "13-character alphanumeric",
      "example": "GODE561231GR8"
    },
    {
      "code": "CL",
      "name": "Chile",
      "format": "XX.XXX.XXX-X",
      "example": "12.345.678-5"
    },
    {
      "code": "CN",
      "name": "China",
      "format": "18-character numeric",
      "example": "91350200747123456G"
    },
    {
      "code": "IN",
      "name": "India",
      "format": "10-character alphanumeric",
      "example": "ABCDE1234F"
    },
    {
      "code": "JP",
      "name": "Japan",
      "format": "12 digits",
      "example": "123456789012"
    },
    {
      "code": "KR",
      "name": "South Korea",
      "format": "13 digits",
      "example": "9010101234567"
    },
    {
      "code": "TH",
      "name": "Thailand",
      "format": "13 digits",
      "example": "1234567890123"
    },
    {
      "code": "AE",
      "name": "United Arab Emirates",
      "format": "15-digit VAT number",
      "example": "100123456700003"
    },
    {
      "code": "IL",
      "name": "Israel",
      "format": "9 digits",
      "example": "123456782"
    },
    {
      "code": "ZA",
      "name": "South Africa",
      "format": "10 digits",
      "example": "1234567890"
    },
    {
      "code": "HK",
      "name": "Hong Kong",
      "format": "8 characters",
      "example": "A123456(3)"
    }
  ]
  