[
    {
        "EmployerID": 1,
        "Name": "Edwards LLC",
        "Country_ID": "ZA"
    },
    {
        "EmployerID": 2,
        "Name": "Reyes and Sons",
        "Country_ID": "CH"
    },
    {
        "EmployerID": 3,
        "Name": "Haney, Thomas and Moreno",
        "Country_ID": "SE"
    },
    {
        "EmployerID": 4,
        "Name": "Bishop and Sons",
        "Country_ID": "AU"
    },
    {
        "EmployerID": 5,
        "Name": "Bell-Lewis",
        "Country_ID": "TR"
    },
    {
        "EmployerID": 6,
        "Name": "Hernandez, Jenkins and Parks",
        "Country_ID": "AR"
    },
    {
        "EmployerID": 7,
        "Name": "Miller Inc",
        "Country_ID": "AR"
    },
    {
        "EmployerID": 8,
        "Name": "Goodwin PLC",
        "Country_ID": "IL"
    },
    {
        "EmployerID": 9,
        "Name": "Cruz, Richmond and Edwards",
        "Country_ID": "EE"
    },
    {
        "EmployerID": 10,
        "Name": "Wright Ltd",
        "Country_ID": "SG"
    },
    {
        "EmployerID": 11,
        "Name": "Wright PLC",
        "Country_ID": "CH"
    },
    {
        "EmployerID": 12,
        "Name": "Griffith, Mitchell and Pugh",
        "Country_ID": "IS"
    },
    {
        "EmployerID": 13,
        "Name": "Abbott Ltd",
        "Country_ID": "PT"
    },
    {
        "EmployerID": 14,
        "Name": "Harris-Lawson",
        "Country_ID": "PL"
    },
    {
        "EmployerID": 15,
        "Name": "Adkins LLC",
        "Country_ID": "LT"
    },
    {
        "EmployerID": 16,
        "Name": "Brown, Hurst and Blevins",
        "Country_ID": "BR"
    },
    {
        "EmployerID": 17,
        "Name": "Cruz-Allen",
        "Country_ID": "IE"
    },
    {
        "EmployerID": 18,
        "Name": "Wheeler, Rice and Levine",
        "Country_ID": "GR"
    },
    {
        "EmployerID": 19,
        "Name": "Peck-Anderson",
        "Country_ID": "TR"
    },
    {
        "EmployerID": 20,
        "Name": "Fisher, Payne and Thompson",
        "Country_ID": "IN"
    },
    {
        "EmployerID": 21,
        "Name": "Best-Townsend",
        "Country_ID": "KR"
    },
    {
        "EmployerID": 22,
        "Name": "Matthews Inc",
        "Country_ID": "PT"
    },
    {
        "EmployerID": 23,
        "Name": "Lewis-Livingston",
        "Country_ID": "AU"
    },
    {
        "EmployerID": 24,
        "Name": "Hunter-Fuller",
        "Country_ID": "HK"
    },
    {
        "EmployerID": 25,
        "Name": "Wang, Henderson and Morales",
        "Country_ID": "GR"
    },
    {
        "EmployerID": 26,
        "Name": "Herrera, Jensen and Ramirez",
        "Country_ID": "IL"
    },
    {
        "EmployerID": 27,
        "Name": "Miller-Mccall",
        "Country_ID": "IN"
    },
    {
        "EmployerID": 28,
        "Name": "Herrera Group",
        "Country_ID": "ZA"
    },
    {
        "EmployerID": 29,
        "Name": "Walters, Davenport and Becker",
        "Country_ID": "GR"
    },
    {
        "EmployerID": 30,
        "Name": "Collins Group",
        "Country_ID": "SI"
    },
    {
        "EmployerID": 31,
        "Name": "Ashley, Allen and Sanchez",
        "Country_ID": "BE"
    },
    {
        "EmployerID": 32,
        "Name": "Wilson-Salazar",
        "Country_ID": "IL"
    },
    {
        "EmployerID": 33,
        "Name": "Parker Ltd",
        "Country_ID": "HU"
    },
    {
        "EmployerID": 34,
        "Name": "Yang, Wilson and Zimmerman",
        "Country_ID": "BE"
    },
    {
        "EmployerID": 35,
        "Name": "Smith, Crawford and Reed",
        "Country_ID": "NL"
    },
    {
        "EmployerID": 36,
        "Name": "Logan, Le and Jackson",
        "Country_ID": "IL"
    },
    {
        "EmployerID": 37,
        "Name": "Brady LLC",
        "Country_ID": "MT"
    },
    {
        "EmployerID": 38,
        "Name": "Tanner, Wise and Johnson",
        "Country_ID": "GR"
    },
    {
        "EmployerID": 39,
        "Name": "Nelson-Brown",
        "Country_ID": "FI"
    },
    {
        "EmployerID": 40,
        "Name": "Proctor, Burton and Crawford",
        "Country_ID": "MT"
    },
    {
        "EmployerID": 41,
        "Name": "Ward, Porter and Bradley",
        "Country_ID": "IN"
    },
    {
        "EmployerID": 42,
        "Name": "Moore-Ayala",
        "Country_ID": "UK"
    },
    {
        "EmployerID": 43,
        "Name": "Craig, Wilson and Yang",
        "Country_ID": "CY"
    },
    {
        "EmployerID": 44,
        "Name": "Williams Inc",
        "Country_ID": "NO"
    },
    {
        "EmployerID": 45,
        "Name": "Williams LLC",
        "Country_ID": "US"
    },
    {
        "EmployerID": 46,
        "Name": "Mora-White",
        "Country_ID": "JP"
    },
    {
        "EmployerID": 47,
        "Name": "Tran Ltd",
        "Country_ID": "UK"
    },
    {
        "EmployerID": 48,
        "Name": "Rios, Walker and Wright",
        "Country_ID": "HK"
    },
    {
        "EmployerID": 49,
        "Name": "Flores, Mckenzie and Duncan",
        "Country_ID": "DE"
    },
    {
        "EmployerID": 50,
        "Name": "Shaw Inc",
        "Country_ID": "EE"
    },
    {
        "EmployerID": 51,
        "Name": "Barcelona",
        "Country_ID": "ES"
    }
]