[
    {
        "CPR_nr": "3006835082",
        "F_name": "Meghan",
        "Surname": "Smith",
        "EmployerID": 11,
        "Country_ID": "CH",
        "TIN_value": "2321698811893",
        "TIN_type": "PTIN",
        "Start_Date": "2018-01-13",
        "End_Date": "",
        "TIN_status": "Aktiv"
    },
    {
        "CPR_nr": "2907781430",
        "F_name": "Steven",
        "Surname": "Pineda",
        "EmployerID": 22,
        "Country_ID": "PT",
        "TIN_value": "997062962",
        "TIN_type": "SSN",
        "Start_Date": "2004-06-20",
        "End_Date": "2010-11-27",
        "TIN_status": "Inaktiv"
    },
    {
        "CPR_nr": "2110668377",
        "F_name": "Bill",
        "Surname": "Mcfarland",
        "EmployerID": 14,
        "Country_ID": "PL",
        "TIN_value": "5185009345",
        "TIN_type": "ATIN",
        "Start_Date": "2018-09-17",
        "End_Date": "",
        "TIN_status": "Aktiv"
    },
    {
        "CPR_nr": "0203833361",
        "F_name": "Candice",
        "Surname": "Ayala",
        "EmployerID": 16,
        "Country_ID": "BR",
        "TIN_value": "947.985.158-32",
        "TIN_type": "SSN",
        "Start_Date": "2011-10-19",
        "End_Date": "",
        "TIN_status": "Aktiv"
    },
    {
        "CPR_nr": "0712929730",
        "F_name": "Abigail",
        "Surname": "Hartman",
        "EmployerID": 37,
        "Country_ID": "MT",
        "TIN_value": "2688615O",
        "TIN_type": "PTIN",
        "Start_Date": "2012-12-11",
        "End_Date": "2011-02-17",
        "TIN_status": "Inaktiv"
    },
    {
        "CPR_nr": "2301627257",
        "F_name": "Nicole",
        "Surname": "Alvarado",
        "EmployerID": 10,
        "Country_ID": "SG",
        "TIN_value": "S5543987J",
        "TIN_type": "SSN",
        "Start_Date": "2018-05-12",
        "End_Date": "2006-12-16",
        "TIN_status": "Inaktiv"
    },
    {
        "CPR_nr": "2303807869",
        "F_name": "Madison",
        "Surname": "Zavala",
        "EmployerID": 28,
        "Country_ID": "ZA",
        "TIN_value": "5671328227",
        "TIN_type": "StateID",
        "Start_Date": "2004-03-04",
        "End_Date": "",
        "TIN_status": "Aktiv"
    },
    {
        "CPR_nr": "1812824681",
        "F_name": "Alan",
        "Surname": "Caldwell",
        "EmployerID": 7,
        "Country_ID": "AR",
        "TIN_value": "73-99305616-4",
        "TIN_type": "SSN",
        "Start_Date": "2020-10-20",
        "End_Date": "",
        "TIN_status": "Aktiv"
    },
    {
        "CPR_nr": "0810606021",
        "F_name": "Amber",
        "Surname": "Campbell",
        "EmployerID": 41,
        "Country_ID": "IN",
        "TIN_value": "CFCSP8588M",
        "TIN_type": "ITIN",
        "Start_Date": "2017-03-01",
        "End_Date": "2019-01-03",
        "TIN_status": "Inaktiv"
    },
    {
        "CPR_nr": "1204621028",
        "F_name": "Luke",
        "Surname": "Miller",
        "EmployerID": 31,
        "Country_ID": "BE",
        "TIN_value": "26508862468",
        "TIN_type": "ITIN",
        "Start_Date": "2009-04-03",
        "End_Date": "",
        "TIN_status": "Aktiv"
    },
    {
        "CPR_nr": "2007669852",
        "F_name": "Cody",
        "Surname": "Bonilla",
        "EmployerID": 31,
        "Country_ID": "BE",
        "TIN_value": "47198883793",
        "TIN_type": "SSN",
        "Start_Date": "2016-01-18",
        "End_Date": "",
        "TIN_status": "Aktiv"
    },
    {
        "CPR_nr": "2201658362",
        "F_name": "Kerri",
        "Surname": "Ferguson",
        "EmployerID": 24,
        "Country_ID": "HK",
        "TIN_value": "A133613(I)",
        "TIN_type": "ATIN",
        "Start_Date": "2005-01-22",
        "End_Date": "",
        "TIN_status": "Aktiv"
    },
    {
        "CPR_nr": "2505827768",
        "F_name": "Maria",
        "Surname": "Johns",
        "EmployerID": 29,
        "Country_ID": "GR",
        "TIN_value": "147907058",
        "TIN_type": "ITIN",
        "Start_Date": "2021-02-23",
        "End_Date": "2024-01-03",
        "TIN_status": "Inaktiv"
    },
    {
        "CPR_nr": "1911826979",
        "F_name": "Judith",
        "Surname": "Graham",
        "EmployerID": 17,
        "Country_ID": "IE",
        "TIN_value": "1207501E",
        "TIN_type": "EIN",
        "Start_Date": "2014-04-01",
        "End_Date": "",
        "TIN_status": "Aktiv"
    },
    {
        "CPR_nr": "0202850981",
        "F_name": "Brian",
        "Surname": "Bauer",
        "EmployerID": 37,
        "Country_ID": "MT",
        "TIN_value": "8193466C",
        "TIN_type": "SSN",
        "Start_Date": "2009-08-27",
        "End_Date": "",
        "TIN_status": "Aktiv"
    },
    {
        "CPR_nr": "1905017460",
        "F_name": "Crystal",
        "Surname": "Hamilton",
        "EmployerID": 43,
        "Country_ID": "CY",
        "TIN_value": "06180919C",
        "TIN_type": "ITIN",
        "Start_Date": "2023-03-22",
        "End_Date": "",
        "TIN_status": "Aktiv"
    },
    {
        "CPR_nr": "2705058868",
        "F_name": "Jaclyn",
        "Surname": "Jones",
        "EmployerID": 35,
        "Country_ID": "NL",
        "TIN_value": "837733572B01",
        "TIN_type": "ATIN",
        "Start_Date": "2020-05-07",
        "End_Date": "2007-01-13",
        "TIN_status": "Inaktiv"
    },
    {
        "CPR_nr": "1307663418",
        "F_name": "Sarah",
        "Surname": "Rodriguez",
        "EmployerID": 20,
        "Country_ID": "IN",
        "TIN_value": "WCYZQ4914B",
        "TIN_type": "SSN",
        "Start_Date": "2015-04-21",
        "End_Date": "",
        "TIN_status": "Aktiv"
    },
    {
        "CPR_nr": "0302702286",
        "F_name": "Thomas",
        "Surname": "Ferguson",
        "EmployerID": 37,
        "Country_ID": "MT",
        "TIN_value": "2684245A",
        "TIN_type": "PTIN",
        "Start_Date": "2012-05-09",
        "End_Date": "",
        "TIN_status": "Aktiv"
    },
    {
        "CPR_nr": "0604037606",
        "F_name": "Angela",
        "Surname": "Peters",
        "EmployerID": 8,
        "Country_ID": "IL",
        "TIN_value": "913025234",
        "TIN_type": "ATIN",
        "Start_Date": "2006-07-11",
        "End_Date": "",
        "TIN_status": "Aktiv"
    },
    {
        "CPR_nr": "2706888107",
        "F_name": "David",
        "Surname": "Smith",
        "EmployerID": 14,
        "Country_ID": "PL",
        "TIN_value": "4472312361",
        "TIN_type": "EIN",
        "Start_Date": "2010-11-24",
        "End_Date": "2016-02-12",
        "TIN_status": "Inaktiv"
    },
    {
        "CPR_nr": "2903664963",
        "F_name": "Candice",
        "Surname": "Medina",
        "EmployerID": 6,
        "Country_ID": "AR",
        "TIN_value": "14-35368222-3",
        "TIN_type": "StateID",
        "Start_Date": "2005-11-27",
        "End_Date": "",
        "TIN_status": "Aktiv"
    },
    {
        "CPR_nr": "0102620572",
        "F_name": "Christina",
        "Surname": "King",
        "EmployerID": 41,
        "Country_ID": "IN",
        "TIN_value": "WJDPJ1290E",
        "TIN_type": "EIN",
        "Start_Date": "2016-03-26",
        "End_Date": "",
        "TIN_status": "Aktiv"
    },
    {
        "CPR_nr": "1608732672",
        "F_name": "Kelly",
        "Surname": "Jones",
        "EmployerID": 47,
        "Country_ID": "UK",
        "TIN_value": "IQ139755P",
        "TIN_type": "SSN",
        "Start_Date": "2008-09-07",
        "End_Date": "2015-12-19",
        "TIN_status": "Inaktiv"
    },
    {
        "CPR_nr": "1711760771",
        "F_name": "Jimmy",
        "Surname": "Mitchell",
        "EmployerID": 36,
        "Country_ID": "IL",
        "TIN_value": "526656677",
        "TIN_type": "PTIN",
        "Start_Date": "2020-10-28",
        "End_Date": "2016-08-19",
        "TIN_status": "Inaktiv"
    },
    {
        "CPR_nr": "0809891225",
        "F_name": "Chad",
        "Surname": "Lee",
        "EmployerID": 45,
        "Country_ID": "US",
        "TIN_value": "498-58-5380",
        "TIN_type": "PTIN",
        "Start_Date": "2021-09-27",
        "End_Date": "",
        "TIN_status": "Aktiv"
    },
    {
        "CPR_nr": "2206906074",
        "F_name": "Christina",
        "Surname": "Torres",
        "EmployerID": 8,
        "Country_ID": "IL",
        "TIN_value": "545004139",
        "TIN_type": "EIN",
        "Start_Date": "2005-07-10",
        "End_Date": "",
        "TIN_status": "Aktiv"
    },
    {
        "CPR_nr": "0810659296",
        "F_name": "Breanna",
        "Surname": "Cunningham",
        "EmployerID": 7,
        "Country_ID": "AR",
        "TIN_value": "55-62053364-5",
        "TIN_type": "PTIN",
        "Start_Date": "2005-11-27",
        "End_Date": "",
        "TIN_status": "Aktiv"
    },
    {
        "CPR_nr": "2112820023",
        "F_name": "Dennis",
        "Surname": "Quinn",
        "EmployerID": 19,
        "Country_ID": "TR",
        "TIN_value": "86740221937",
        "TIN_type": "ITIN",
        "Start_Date": "2022-05-26",
        "End_Date": "2013-05-10",
        "TIN_status": "Inaktiv"
    },
    {
        "CPR_nr": "2101807901",
        "F_name": "Natalie",
        "Surname": "Ford",
        "EmployerID": 17,
        "Country_ID": "IE",
        "TIN_value": "5478129F",
        "TIN_type": "ATIN",
        "Start_Date": "2012-04-22",
        "End_Date": "2008-08-09",
        "TIN_status": "Inaktiv"
    },
    {
        "CPR_nr": "0506632232",
        "F_name": "Meagan",
        "Surname": "Trevino",
        "EmployerID": 37,
        "Country_ID": "MT",
        "TIN_value": "2834110G",
        "TIN_type": "PTIN",
        "Start_Date": "2018-05-16",
        "End_Date": "",
        "TIN_status": "Aktiv"
    },
    {
        "CPR_nr": "1601784953",
        "F_name": "Crystal",
        "Surname": "Hess",
        "EmployerID": 12,
        "Country_ID": "IS",
        "TIN_value": "9693084887",
        "TIN_type": "ITIN",
        "Start_Date": "2019-06-07",
        "End_Date": "",
        "TIN_status": "Aktiv"
    },
    {
        "CPR_nr": "3107717503",
        "F_name": "Desiree",
        "Surname": "Hernandez",
        "EmployerID": 40,
        "Country_ID": "MT",
        "TIN_value": "6394278G",
        "TIN_type": "PTIN",
        "Start_Date": "2009-11-24",
        "End_Date": "2012-09-02",
        "TIN_status": "Inaktiv"
    },
    {
        "CPR_nr": "0104696669",
        "F_name": "Christopher",
        "Surname": "Cox",
        "EmployerID": 26,
        "Country_ID": "IL",
        "TIN_value": "455939049",
        "TIN_type": "StateID",
        "Start_Date": "2015-09-28",
        "End_Date": "",
        "TIN_status": "Aktiv"
    },
    {
        "CPR_nr": "0207897020",
        "F_name": "Alex",
        "Surname": "Allen",
        "EmployerID": 48,
        "Country_ID": "HK",
        "TIN_value": "A928272(l)",
        "TIN_type": "ATIN",
        "Start_Date": "2004-12-07",
        "End_Date": "",
        "TIN_status": "Aktiv"
    },
    {
        "CPR_nr": "1206914733",
        "F_name": "Ashley",
        "Surname": "Knight",
        "EmployerID": 24,
        "Country_ID": "HK",
        "TIN_value": "A275037(o)",
        "TIN_type": "SSN",
        "Start_Date": "2020-11-11",
        "End_Date": "",
        "TIN_status": "Aktiv"
    },
    {
        "CPR_nr": "2106003248",
        "F_name": "Bryan",
        "Surname": "Wood",
        "EmployerID": 20,
        "Country_ID": "IN",
        "TIN_value": "YEDCC0385P",
        "TIN_type": "ITIN",
        "Start_Date": "2023-05-16",
        "End_Date": "",
        "TIN_status": "Aktiv"
    },
    {
        "CPR_nr": "2909006996",
        "F_name": "Mario",
        "Surname": "Padilla",
        "EmployerID": 45,
        "Country_ID": "US",
        "TIN_value": "534-82-4481",
        "TIN_type": "StateID",
        "Start_Date": "2011-11-17",
        "End_Date": "",
        "TIN_status": "Aktiv"
    },
    {
        "CPR_nr": "0305638227",
        "F_name": "Mary",
        "Surname": "Baker",
        "EmployerID": 9,
        "Country_ID": "EE",
        "TIN_value": "73323810858",
        "TIN_type": "ITIN",
        "Start_Date": "2014-10-09",
        "End_Date": "",
        "TIN_status": "Aktiv"
    },
    {
        "CPR_nr": "2709889617",
        "F_name": "Amy",
        "Surname": "Thompson",
        "EmployerID": 13,
        "Country_ID": "PT",
        "TIN_value": "736785082",
        "TIN_type": "SSN",
        "Start_Date": "2007-03-16",
        "End_Date": "2024-02-12",
        "TIN_status": "Inaktiv"
    },
    {
        "CPR_nr": "2301807867",
        "F_name": "Desiree",
        "Surname": "Diaz",
        "EmployerID": 9,
        "Country_ID": "EE",
        "TIN_value": "12442428958",
        "TIN_type": "EIN",
        "Start_Date": "2007-05-20",
        "End_Date": "",
        "TIN_status": "Aktiv"
    },
    {
        "CPR_nr": "0812695017",
        "F_name": "Denise",
        "Surname": "Houston",
        "EmployerID": 4,
        "Country_ID": "AU",
        "TIN_value": "307053457",
        "TIN_type": "PTIN",
        "Start_Date": "2022-08-04",
        "End_Date": "",
        "TIN_status": "Aktiv"
    },
    {
        "CPR_nr": "1307041222",
        "F_name": "Zachary",
        "Surname": "Bennett",
        "EmployerID": 44,
        "Country_ID": "NO",
        "TIN_value": "40196038989",
        "TIN_type": "ITIN",
        "Start_Date": "2018-08-04",
        "End_Date": "",
        "TIN_status": "Aktiv"
    },
    {
        "CPR_nr": "0205805392",
        "F_name": "Rebecca",
        "Surname": "Black",
        "EmployerID": 31,
        "Country_ID": "BE",
        "TIN_value": "85535075519",
        "TIN_type": "ITIN",
        "Start_Date": "2006-05-07",
        "End_Date": "2014-02-13",
        "TIN_status": "Inaktiv"
    },
    {
        "CPR_nr": "0706972522",
        "F_name": "Michael",
        "Surname": "Parrish",
        "EmployerID": 17,
        "Country_ID": "IE",
        "TIN_value": "7790827K",
        "TIN_type": "StateID",
        "Start_Date": "2013-11-21",
        "End_Date": "",
        "TIN_status": "Aktiv"
    },
    {
        "CPR_nr": "2606005255",
        "F_name": "Jerry",
        "Surname": "Robertson",
        "EmployerID": 2,
        "Country_ID": "CH",
        "TIN_value": "1873538648002",
        "TIN_type": "EIN",
        "Start_Date": "2024-08-08",
        "End_Date": "",
        "TIN_status": "Aktiv"
    },
    {
        "CPR_nr": "2711905760",
        "F_name": "Juan",
        "Surname": "Hernandez",
        "EmployerID": 42,
        "Country_ID": "UK",
        "TIN_value": "ZV259136U",
        "TIN_type": "ATIN",
        "Start_Date": "2015-08-10",
        "End_Date": "2005-05-17",
        "TIN_status": "Inaktiv"
    },
    {
        "CPR_nr": "0404703180",
        "F_name": "Daniel",
        "Surname": "Leonard",
        "EmployerID": 50,
        "Country_ID": "EE",
        "TIN_value": "12930025537",
        "TIN_type": "ATIN",
        "Start_Date": "2010-11-03",
        "End_Date": "",
        "TIN_status": "Aktiv"
    },
    {
        "CPR_nr": "1809047808",
        "F_name": "Timothy",
        "Surname": "Garza",
        "EmployerID": 42,
        "Country_ID": "UK",
        "TIN_value": "LK603029I",
        "TIN_type": "EIN",
        "Start_Date": "2013-01-22",
        "End_Date": "",
        "TIN_status": "Aktiv"
    },
    {
        "CPR_nr": "0903737779",
        "F_name": "Crystal",
        "Surname": "Williams",
        "EmployerID": 17,
        "Country_ID": "IE",
        "TIN_value": "9202428Z",
        "TIN_type": "PTIN",
        "Start_Date": "2019-04-09",
        "End_Date": "2006-12-07",
        "TIN_status": "Inaktiv"
    },
    {
        "CPR_nr": "0611025069",
        "F_name": "Carol",
        "Surname": "Elliott",
        "EmployerID": 28,
        "Country_ID": "ZA",
        "TIN_value": "9141037388",
        "TIN_type": "ITIN",
        "Start_Date": "2017-02-07",
        "End_Date": "",
        "TIN_status": "Aktiv"
    },
    {
        "CPR_nr": "2501921242",
        "F_name": "Andrew",
        "Surname": "Ball",
        "EmployerID": 14,
        "Country_ID": "PL",
        "TIN_value": "7299420031",
        "TIN_type": "StateID",
        "Start_Date": "2009-04-17",
        "End_Date": "",
        "TIN_status": "Aktiv"
    },
    {
        "CPR_nr": "0506673897",
        "F_name": "Dorothy",
        "Surname": "Campbell",
        "EmployerID": 38,
        "Country_ID": "GR",
        "TIN_value": "209856785",
        "TIN_type": "SSN",
        "Start_Date": "2007-06-04",
        "End_Date": "",
        "TIN_status": "Aktiv"
    },
    {
        "CPR_nr": "0908800371",
        "F_name": "Christopher",
        "Surname": "Cole",
        "EmployerID": 20,
        "Country_ID": "IN",
        "TIN_value": "AMJYL7723X",
        "TIN_type": "StateID",
        "Start_Date": "2012-07-10",
        "End_Date": "2011-06-22",
        "TIN_status": "Inaktiv"
    },
    {
        "CPR_nr": "2311698138",
        "F_name": "Hunter",
        "Surname": "Keller",
        "EmployerID": 5,
        "Country_ID": "TR",
        "TIN_value": "97086832438",
        "TIN_type": "ITIN",
        "Start_Date": "2008-04-23",
        "End_Date": "2008-09-15",
        "TIN_status": "Inaktiv"
    },
    {
        "CPR_nr": "2606047041",
        "F_name": "Joseph",
        "Surname": "Ramsey",
        "EmployerID": 17,
        "Country_ID": "IE",
        "TIN_value": "5799136Y",
        "TIN_type": "StateID",
        "Start_Date": "2023-09-20",
        "End_Date": "2005-08-14",
        "TIN_status": "Inaktiv"
    },
    {
        "CPR_nr": "1201030847",
        "F_name": "David",
        "Surname": "Smith",
        "EmployerID": 10,
        "Country_ID": "SG",
        "TIN_value": "S8862912E",
        "TIN_type": "PTIN",
        "Start_Date": "2010-05-10",
        "End_Date": "",
        "TIN_status": "Aktiv"
    },
    {
        "CPR_nr": "1102617508",
        "F_name": "Rachel",
        "Surname": "Greene",
        "EmployerID": 4,
        "Country_ID": "AU",
        "TIN_value": "965207446",
        "TIN_type": "ATIN",
        "Start_Date": "2018-09-15",
        "End_Date": "",
        "TIN_status": "Aktiv"
    },
    {
        "CPR_nr": "2412709981",
        "F_name": "Natalie",
        "Surname": "Schmidt",
        "EmployerID": 46,
        "Country_ID": "JP",
        "TIN_value": "731337659962",
        "TIN_type": "EIN",
        "Start_Date": "2019-02-07",
        "End_Date": "2015-12-12",
        "TIN_status": "Inaktiv"
    },
    {
        "CPR_nr": "0510995263",
        "F_name": "Karen",
        "Surname": "Davis",
        "EmployerID": 44,
        "Country_ID": "NO",
        "TIN_value": "98195586176",
        "TIN_type": "ATIN",
        "Start_Date": "2011-08-02",
        "End_Date": "2013-01-07",
        "TIN_status": "Inaktiv"
    },
    {
        "CPR_nr": "0109689470",
        "F_name": "Donna",
        "Surname": "Winters",
        "EmployerID": 33,
        "Country_ID": "HU",
        "TIN_value": "3397657114",
        "TIN_type": "ITIN",
        "Start_Date": "2004-04-22",
        "End_Date": "",
        "TIN_status": "Aktiv"
    },
    {
        "CPR_nr": "0410872124",
        "F_name": "Amber",
        "Surname": "Smith",
        "EmployerID": 9,
        "Country_ID": "EE",
        "TIN_value": "47541960798",
        "TIN_type": "StateID",
        "Start_Date": "2017-09-15",
        "End_Date": "2008-07-01",
        "TIN_status": "Inaktiv"
    },
    {
        "CPR_nr": "1110017169",
        "F_name": "Sharon",
        "Surname": "Gregory",
        "EmployerID": 23,
        "Country_ID": "AU",
        "TIN_value": "346554947",
        "TIN_type": "SSN",
        "Start_Date": "2012-01-20",
        "End_Date": "",
        "TIN_status": "Aktiv"
    },
    {
        "CPR_nr": "2511786627",
        "F_name": "Ryan",
        "Surname": "Fisher",
        "EmployerID": 41,
        "Country_ID": "IN",
        "TIN_value": "ZEYXY0863W",
        "TIN_type": "PTIN",
        "Start_Date": "2015-11-21",
        "End_Date": "",
        "TIN_status": "Aktiv"
    },
    {
        "CPR_nr": "1410919226",
        "F_name": "Brianna",
        "Surname": "Figueroa",
        "EmployerID": 31,
        "Country_ID": "BE",
        "TIN_value": "39589859638",
        "TIN_type": "PTIN",
        "Start_Date": "2006-05-16",
        "End_Date": "2015-06-04",
        "TIN_status": "Inaktiv"
    },
    {
        "CPR_nr": "1209624556",
        "F_name": "Kathleen",
        "Surname": "Horton",
        "EmployerID": 34,
        "Country_ID": "BE",
        "TIN_value": "67116003048",
        "TIN_type": "SSN",
        "Start_Date": "2019-02-19",
        "End_Date": "2023-01-24",
        "TIN_status": "Inaktiv"
    },
    {
        "CPR_nr": "1004642693",
        "F_name": "Connor",
        "Surname": "Anderson",
        "EmployerID": 13,
        "Country_ID": "PT",
        "TIN_value": "569725217",
        "TIN_type": "ITIN",
        "Start_Date": "2007-05-03",
        "End_Date": "2020-07-17",
        "TIN_status": "Inaktiv"
    },
    {
        "CPR_nr": "0107780193",
        "F_name": "Thomas",
        "Surname": "Hall",
        "EmployerID": 41,
        "Country_ID": "IN",
        "TIN_value": "AQMAT1498V",
        "TIN_type": "SSN",
        "Start_Date": "2008-10-16",
        "End_Date": "",
        "TIN_status": "Aktiv"
    },
    {
        "CPR_nr": "0407932081",
        "F_name": "Kristine",
        "Surname": "Lane",
        "EmployerID": 18,
        "Country_ID": "GR",
        "TIN_value": "324822604",
        "TIN_type": "EIN",
        "Start_Date": "2024-07-27",
        "End_Date": "2016-01-25",
        "TIN_status": "Inaktiv"
    },
    {
        "CPR_nr": "2208760880",
        "F_name": "David",
        "Surname": "Smith",
        "EmployerID": 49,
        "Country_ID": "DE",
        "TIN_value": "21938945890",
        "TIN_type": "EIN",
        "Start_Date": "2010-03-20",
        "End_Date": "",
        "TIN_status": "Aktiv"
    },
    {
        "CPR_nr": "1901860330",
        "F_name": "Diamond",
        "Surname": "Watts",
        "EmployerID": 41,
        "Country_ID": "IN",
        "TIN_value": "JBPLQ5651Q",
        "TIN_type": "ATIN",
        "Start_Date": "2015-12-20",
        "End_Date": "2018-10-15",
        "TIN_status": "Inaktiv"
    },
    {
        "CPR_nr": "2307618112",
        "F_name": "Melissa",
        "Surname": "Henderson",
        "EmployerID": 31,
        "Country_ID": "BE",
        "TIN_value": "11646331504",
        "TIN_type": "SSN",
        "Start_Date": "2015-08-24",
        "End_Date": "2005-09-03",
        "TIN_status": "Inaktiv"
    },
    {
        "CPR_nr": "1807888740",
        "F_name": "Michael",
        "Surname": "Hill",
        "EmployerID": 47,
        "Country_ID": "UK",
        "TIN_value": "LX636887J",
        "TIN_type": "ITIN",
        "Start_Date": "2020-12-14",
        "End_Date": "",
        "TIN_status": "Aktiv"
    },
    {
        "CPR_nr": "2002877657",
        "F_name": "Angela",
        "Surname": "King",
        "EmployerID": 21,
        "Country_ID": "KR",
        "TIN_value": "4352355263628",
        "TIN_type": "SSN",
        "Start_Date": "2007-05-18",
        "End_Date": "",
        "TIN_status": "Aktiv"
    },
    {
        "CPR_nr": "2304842493",
        "F_name": "Kristopher",
        "Surname": "Cooper",
        "EmployerID": 41,
        "Country_ID": "IN",
        "TIN_value": "CYSKG6213N",
        "TIN_type": "StateID",
        "Start_Date": "2020-06-26",
        "End_Date": "2018-10-25",
        "TIN_status": "Inaktiv"
    },
    {
        "CPR_nr": "0202739970",
        "F_name": "William",
        "Surname": "Hartman",
        "EmployerID": 45,
        "Country_ID": "US",
        "TIN_value": "821-71-0853",
        "TIN_type": "ITIN",
        "Start_Date": "2006-01-05",
        "End_Date": "",
        "TIN_status": "Aktiv"
    },
    {
        "CPR_nr": "1306720800",
        "F_name": "Eugene",
        "Surname": "Oconnell",
        "EmployerID": 7,
        "Country_ID": "AR",
        "TIN_value": "01-27961143-5",
        "TIN_type": "ATIN",
        "Start_Date": "2017-02-26",
        "End_Date": "",
        "TIN_status": "Aktiv"
    },
    {
        "CPR_nr": "1001928613",
        "F_name": "Christopher",
        "Surname": "Johnson",
        "EmployerID": 5,
        "Country_ID": "TR",
        "TIN_value": "17833349611",
        "TIN_type": "ITIN",
        "Start_Date": "2014-07-12",
        "End_Date": "",
        "TIN_status": "Aktiv"
    },
    {
        "CPR_nr": "0604749153",
        "F_name": "Patrick",
        "Surname": "Joyce",
        "EmployerID": 30,
        "Country_ID": "SI",
        "TIN_value": "79831928",
        "TIN_type": "PTIN",
        "Start_Date": "2021-03-23",
        "End_Date": "",
        "TIN_status": "Aktiv"
    },
    {
        "CPR_nr": "0908019097",
        "F_name": "Christina",
        "Surname": "Meyer",
        "EmployerID": 28,
        "Country_ID": "ZA",
        "TIN_value": "5275521470",
        "TIN_type": "ITIN",
        "Start_Date": "2017-03-16",
        "End_Date": "",
        "TIN_status": "Aktiv"
    },
    {
        "CPR_nr": "1612937907",
        "F_name": "Jennifer",
        "Surname": "Harper",
        "EmployerID": 49,
        "Country_ID": "DE",
        "TIN_value": "32284120139",
        "TIN_type": "ATIN",
        "Start_Date": "2022-12-25",
        "End_Date": "2016-01-18",
        "TIN_status": "Inaktiv"
    },
    {
        "CPR_nr": "1612011732",
        "F_name": "Sonya",
        "Surname": "Wilkins",
        "EmployerID": 15,
        "Country_ID": "LT",
        "TIN_value": "36333328309",
        "TIN_type": "StateID",
        "Start_Date": "2022-02-03",
        "End_Date": "",
        "TIN_status": "Aktiv"
    },
    {
        "CPR_nr": "2312858665",
        "F_name": "Danielle",
        "Surname": "Gonzales",
        "EmployerID": 33,
        "Country_ID": "HU",
        "TIN_value": "1725783958",
        "TIN_type": "ITIN",
        "Start_Date": "2023-04-06",
        "End_Date": "",
        "TIN_status": "Aktiv"
    },
    {
        "CPR_nr": "0105979001",
        "F_name": "James",
        "Surname": "Sandoval",
        "EmployerID": 25,
        "Country_ID": "GR",
        "TIN_value": "787539531",
        "TIN_type": "ITIN",
        "Start_Date": "2005-07-08",
        "End_Date": "",
        "TIN_status": "Aktiv"
    },
    {
        "CPR_nr": "2206024048",
        "F_name": "Linda",
        "Surname": "Mitchell",
        "EmployerID": 39,
        "Country_ID": "FI",
        "TIN_value": "098839-2053",
        "TIN_type": "SSN",
        "Start_Date": "2010-02-18",
        "End_Date": "2013-05-03",
        "TIN_status": "Inaktiv"
    },
    {
        "CPR_nr": "1109797732",
        "F_name": "Diana",
        "Surname": "Cantrell",
        "EmployerID": 42,
        "Country_ID": "UK",
        "TIN_value": "LM146566H",
        "TIN_type": "SSN",
        "Start_Date": "2007-05-09",
        "End_Date": "",
        "TIN_status": "Aktiv"
    },
    {
        "CPR_nr": "1703729196",
        "F_name": "Alexis",
        "Surname": "Padilla",
        "EmployerID": 8,
        "Country_ID": "IL",
        "TIN_value": "547509357",
        "TIN_type": "ATIN",
        "Start_Date": "2004-05-02",
        "End_Date": "2015-10-12",
        "TIN_status": "Inaktiv"
    },
    {
        "CPR_nr": "0709990967",
        "F_name": "Samantha",
        "Surname": "Dunn",
        "EmployerID": 36,
        "Country_ID": "IL",
        "TIN_value": "371375678",
        "TIN_type": "ATIN",
        "Start_Date": "2017-08-11",
        "End_Date": "2023-09-07",
        "TIN_status": "Inaktiv"
    },
    {
        "CPR_nr": "2406619399",
        "F_name": "Jessica",
        "Surname": "Hansen",
        "EmployerID": 14,
        "Country_ID": "PL",
        "TIN_value": "3707166618",
        "TIN_type": "ITIN",
        "Start_Date": "2017-02-17",
        "End_Date": "",
        "TIN_status": "Aktiv"
    },
    {
        "CPR_nr": "2406655944",
        "F_name": "Brandi",
        "Surname": "Bailey",
        "EmployerID": 40,
        "Country_ID": "MT",
        "TIN_value": "4393769A",
        "TIN_type": "PTIN",
        "Start_Date": "2014-11-18",
        "End_Date": "",
        "TIN_status": "Aktiv"
    },
    {
        "CPR_nr": "1006665211",
        "F_name": "Jose",
        "Surname": "Russell",
        "EmployerID": 27,
        "Country_ID": "IN",
        "TIN_value": "SVHZG1818Q",
        "TIN_type": "SSN",
        "Start_Date": "2020-07-19",
        "End_Date": "2015-05-14",
        "TIN_status": "Inaktiv"
    },
    {
        "CPR_nr": "1301828909",
        "F_name": "Nancy",
        "Surname": "Li",
        "EmployerID": 19,
        "Country_ID": "TR",
        "TIN_value": "74880908599",
        "TIN_type": "EIN",
        "Start_Date": "2004-08-21",
        "End_Date": "",
        "TIN_status": "Aktiv"
    },
    {
        "CPR_nr": "2501844451",
        "F_name": "Bailey",
        "Surname": "Benson",
        "EmployerID": 50,
        "Country_ID": "EE",
        "TIN_value": "58110820007",
        "TIN_type": "StateID",
        "Start_Date": "2023-10-22",
        "End_Date": "",
        "TIN_status": "Aktiv"
    },
    {
        "CPR_nr": "1510723578",
        "F_name": "Tammy",
        "Surname": "Hart",
        "EmployerID": 11,
        "Country_ID": "CH",
        "TIN_value": "9456503377070",
        "TIN_type": "ITIN",
        "Start_Date": "2010-04-28",
        "End_Date": "",
        "TIN_status": "Aktiv"
    },
    {
        "CPR_nr": "2205896033",
        "F_name": "Kayla",
        "Surname": "Todd",
        "EmployerID": 1,
        "Country_ID": "ZA",
        "TIN_value": "3884642366",
        "TIN_type": "SSN",
        "Start_Date": "2023-06-27",
        "End_Date": "",
        "TIN_status": "Aktiv"
    },
    {
        "CPR_nr": "0209948812",
        "F_name": "Susan",
        "Surname": "Ellis",
        "EmployerID": 10,
        "Country_ID": "SG",
        "TIN_value": "S7907141Y",
        "TIN_type": "SSN",
        "Start_Date": "2007-04-24",
        "End_Date": "2015-07-15",
        "TIN_status": "Inaktiv"
    },
    {
        "CPR_nr": "0603658921",
        "F_name": "Cynthia",
        "Surname": "Gamble",
        "EmployerID": 47,
        "Country_ID": "UK",
        "TIN_value": "AS356588Q",
        "TIN_type": "SSN",
        "Start_Date": "2017-06-10",
        "End_Date": "",
        "TIN_status": "Aktiv"
    },
    {
        "CPR_nr": "2308765337",
        "F_name": "John",
        "Surname": "Davis",
        "EmployerID": 42,
        "Country_ID": "UK",
        "TIN_value": "WN518275K",
        "TIN_type": "EIN",
        "Start_Date": "2017-06-03",
        "End_Date": "",
        "TIN_status": "Aktiv"
    },
    {
        "CPR_nr": "3101918688",
        "F_name": "Joseph",
        "Surname": "Valentine",
        "EmployerID": 17,
        "Country_ID": "IE",
        "TIN_value": "3733343O",
        "TIN_type": "ATIN",
        "Start_Date": "2017-03-20",
        "End_Date": "2007-08-19",
        "TIN_status": "Inaktiv"
    },
    {
        "CPR_nr": "2303601245",
        "F_name": "James",
        "Surname": "Wright",
        "EmployerID": 12,
        "Country_ID": "IS",
        "TIN_value": "9521117908",
        "TIN_type": "SSN",
        "Start_Date": "2010-12-21",
        "End_Date": "",
        "TIN_status": "Aktiv"
    },
    {
        "CPR_nr": "0911753947",
        "F_name": "Susan",
        "Surname": "Charles",
        "EmployerID": 24,
        "Country_ID": "HK",
        "TIN_value": "A595794(F)",
        "TIN_type": "StateID",
        "Start_Date": "2005-10-17",
        "End_Date": "2017-06-19",
        "TIN_status": "Inaktiv"
    },
    {
        "CPR_nr": "1104844896",
        "F_name": "Ian",
        "Surname": "Duran",
        "EmployerID": 48,
        "Country_ID": "HK",
        "TIN_value": "A846392(d)",
        "TIN_type": "SSN",
        "Start_Date": "2007-09-25",
        "End_Date": "",
        "TIN_status": "Aktiv"
    },
    {
        "CPR_nr": "1901736687",
        "F_name": "Alicia",
        "Surname": "Henderson",
        "EmployerID": 9,
        "Country_ID": "EE",
        "TIN_value": "98748434062",
        "TIN_type": "EIN",
        "Start_Date": "2005-10-25",
        "End_Date": "",
        "TIN_status": "Aktiv"
    },
    {
        "CPR_nr": "2311805722",
        "F_name": "Sheila",
        "Surname": "Johnson",
        "EmployerID": 29,
        "Country_ID": "GR",
        "TIN_value": "767660223",
        "TIN_type": "ITIN",
        "Start_Date": "2011-04-24",
        "End_Date": "",
        "TIN_status": "Aktiv"
    },
    {
        "CPR_nr": "0101983005",
        "F_name": "Michael",
        "Surname": "Dalton",
        "EmployerID": 22,
        "Country_ID": "PT",
        "TIN_value": "216674676",
        "TIN_type": "StateID",
        "Start_Date": "2019-11-08",
        "End_Date": "2015-08-16",
        "TIN_status": "Inaktiv"
    },
    {
        "CPR_nr": "2207668812",
        "F_name": "Kimberly",
        "Surname": "Bryant",
        "EmployerID": 9,
        "Country_ID": "EE",
        "TIN_value": "23569499934",
        "TIN_type": "ATIN",
        "Start_Date": "2019-05-18",
        "End_Date": "",
        "TIN_status": "Aktiv"
    },
    {
        "CPR_nr": "0701713632",
        "F_name": "David",
        "Surname": "Holmes",
        "EmployerID": 40,
        "Country_ID": "MT",
        "TIN_value": "5003691U",
        "TIN_type": "ATIN",
        "Start_Date": "2007-04-05",
        "End_Date": "",
        "TIN_status": "Aktiv"
    },
    {
        "CPR_nr": "0507963385",
        "F_name": "Michael",
        "Surname": "Hensley",
        "EmployerID": 40,
        "Country_ID": "MT",
        "TIN_value": "2843479V",
        "TIN_type": "SSN",
        "Start_Date": "2004-01-20",
        "End_Date": "",
        "TIN_status": "Aktiv"
    },
    {
        "CPR_nr": "0809936484",
        "F_name": "Michael",
        "Surname": "Jimenez",
        "EmployerID": 31,
        "Country_ID": "BE",
        "TIN_value": "78377588683",
        "TIN_type": "SSN",
        "Start_Date": "2023-03-27",
        "End_Date": "",
        "TIN_status": "Aktiv"
    },
    {
        "CPR_nr": "0601823299",
        "F_name": "Jason",
        "Surname": "Haynes",
        "EmployerID": 29,
        "Country_ID": "GR",
        "TIN_value": "149362414",
        "TIN_type": "SSN",
        "Start_Date": "2006-04-15",
        "End_Date": "",
        "TIN_status": "Aktiv"
    },
    {
        "CPR_nr": "2508628053",
        "F_name": "Nathan",
        "Surname": "Dickerson",
        "EmployerID": 46,
        "Country_ID": "JP",
        "TIN_value": "846758800926",
        "TIN_type": "PTIN",
        "Start_Date": "2007-02-25",
        "End_Date": "",
        "TIN_status": "Aktiv"
    },
    {
        "CPR_nr": "1710728502",
        "F_name": "Joshua",
        "Surname": "White",
        "EmployerID": 43,
        "Country_ID": "CY",
        "TIN_value": "29314386Y",
        "TIN_type": "ITIN",
        "Start_Date": "2024-07-08",
        "End_Date": "",
        "TIN_status": "Aktiv"
    },
    {
        "CPR_nr": "1405713206",
        "F_name": "James",
        "Surname": "Marsh",
        "EmployerID": 28,
        "Country_ID": "ZA",
        "TIN_value": "6362597344",
        "TIN_type": "ITIN",
        "Start_Date": "2008-08-09",
        "End_Date": "",
        "TIN_status": "Aktiv"
    },
    {
        "CPR_nr": "2508867415",
        "F_name": "Joanna",
        "Surname": "Kennedy",
        "EmployerID": 10,
        "Country_ID": "SG",
        "TIN_value": "S0267288U",
        "TIN_type": "PTIN",
        "Start_Date": "2014-04-22",
        "End_Date": "",
        "TIN_status": "Aktiv"
    },
    {
        "CPR_nr": "0112781583",
        "F_name": "Leslie",
        "Surname": "Tucker",
        "EmployerID": 1,
        "Country_ID": "ZA",
        "TIN_value": "8940731272",
        "TIN_type": "ATIN",
        "Start_Date": "2013-09-02",
        "End_Date": "",
        "TIN_status": "Aktiv"
    },
    {
        "CPR_nr": "0507973424",
        "F_name": "John",
        "Surname": "Garrison",
        "EmployerID": 5,
        "Country_ID": "TR",
        "TIN_value": "77651876724",
        "TIN_type": "ITIN",
        "Start_Date": "2007-05-26",
        "End_Date": "",
        "TIN_status": "Aktiv"
    },
    {
        "CPR_nr": "2803965579",
        "F_name": "Brandon",
        "Surname": "Garcia",
        "EmployerID": 18,
        "Country_ID": "GR",
        "TIN_value": "154063666",
        "TIN_type": "PTIN",
        "Start_Date": "2005-02-01",
        "End_Date": "",
        "TIN_status": "Aktiv"
    },
    {
        "CPR_nr": "2403033494",
        "F_name": "Frank",
        "Surname": "Lewis",
        "EmployerID": 26,
        "Country_ID": "IL",
        "TIN_value": "977357994",
        "TIN_type": "EIN",
        "Start_Date": "2011-11-27",
        "End_Date": "",
        "TIN_status": "Aktiv"
    },
    {
        "CPR_nr": "0110975965",
        "F_name": "Jonathan",
        "Surname": "Combs",
        "EmployerID": 29,
        "Country_ID": "GR",
        "TIN_value": "960347752",
        "TIN_type": "PTIN",
        "Start_Date": "2016-03-26",
        "End_Date": "2015-07-07",
        "TIN_status": "Inaktiv"
    },
    {
        "CPR_nr": "0206816336",
        "F_name": "Cole",
        "Surname": "Garner",
        "EmployerID": 32,
        "Country_ID": "IL",
        "TIN_value": "580035742",
        "TIN_type": "ITIN",
        "Start_Date": "2020-06-11",
        "End_Date": "",
        "TIN_status": "Aktiv"
    },
    {
        "CPR_nr": "1502825955",
        "F_name": "Jordan",
        "Surname": "Ward",
        "EmployerID": 7,
        "Country_ID": "AR",
        "TIN_value": "84-50615939-9",
        "TIN_type": "ATIN",
        "Start_Date": "2022-08-03",
        "End_Date": "2011-09-23",
        "TIN_status": "Inaktiv"
    },
    {
        "CPR_nr": "2607924806",
        "F_name": "Debra",
        "Surname": "Ryan",
        "EmployerID": 36,
        "Country_ID": "IL",
        "TIN_value": "689590340",
        "TIN_type": "SSN",
        "Start_Date": "2011-06-16",
        "End_Date": "",
        "TIN_status": "Aktiv"
    },
    {
        "CPR_nr": "1803672312",
        "F_name": "Tiffany",
        "Surname": "Mitchell",
        "EmployerID": 39,
        "Country_ID": "FI",
        "TIN_value": "587716-9472",
        "TIN_type": "PTIN",
        "Start_Date": "2010-10-02",
        "End_Date": "",
        "TIN_status": "Aktiv"
    },
    {
        "CPR_nr": "1511682596",
        "F_name": "Miranda",
        "Surname": "Davidson",
        "EmployerID": 33,
        "Country_ID": "HU",
        "TIN_value": "3415200001",
        "TIN_type": "StateID",
        "Start_Date": "2016-03-12",
        "End_Date": "2024-05-05",
        "TIN_status": "Inaktiv"
    },
    {
        "CPR_nr": "0610791931",
        "F_name": "Sarah",
        "Surname": "Fisher",
        "EmployerID": 22,
        "Country_ID": "PT",
        "TIN_value": "503758997",
        "TIN_type": "StateID",
        "Start_Date": "2005-02-23",
        "End_Date": "",
        "TIN_status": "Aktiv"
    },
    {
        "CPR_nr": "1411762644",
        "F_name": "Cheryl",
        "Surname": "Sullivan",
        "EmployerID": 46,
        "Country_ID": "JP",
        "TIN_value": "226497663694",
        "TIN_type": "SSN",
        "Start_Date": "2024-02-03",
        "End_Date": "",
        "TIN_status": "Aktiv"
    },
    {
        "CPR_nr": "1402760870",
        "F_name": "Rebecca",
        "Surname": "Miller",
        "EmployerID": 22,
        "Country_ID": "PT",
        "TIN_value": "548851027",
        "TIN_type": "EIN",
        "Start_Date": "2013-09-11",
        "End_Date": "",
        "TIN_status": "Aktiv"
    },
    {
        "CPR_nr": "2807859150",
        "F_name": "Matthew",
        "Surname": "Edwards",
        "EmployerID": 17,
        "Country_ID": "IE",
        "TIN_value": "4496475V",
        "TIN_type": "PTIN",
        "Start_Date": "2022-11-17",
        "End_Date": "",
        "TIN_status": "Aktiv"
    },
    {
        "CPR_nr": "2404786351",
        "F_name": "Brenda",
        "Surname": "Sheppard",
        "EmployerID": 8,
        "Country_ID": "IL",
        "TIN_value": "521869399",
        "TIN_type": "EIN",
        "Start_Date": "2024-04-21",
        "End_Date": "2023-09-04",
        "TIN_status": "Inaktiv"
    },
    {
        "CPR_nr": "1612911259",
        "F_name": "Robert",
        "Surname": "White",
        "EmployerID": 46,
        "Country_ID": "JP",
        "TIN_value": "217415530552",
        "TIN_type": "ATIN",
        "Start_Date": "2011-06-01",
        "End_Date": "",
        "TIN_status": "Aktiv"
    },
    {
        "CPR_nr": "0111899426",
        "F_name": "Andrew",
        "Surname": "Luna",
        "EmployerID": 30,
        "Country_ID": "SI",
        "TIN_value": "98376561",
        "TIN_type": "PTIN",
        "Start_Date": "2008-12-03",
        "End_Date": "2014-03-23",
        "TIN_status": "Inaktiv"
    },
    {
        "CPR_nr": "0712886994",
        "F_name": "Ebony",
        "Surname": "Shepard",
        "EmployerID": 34,
        "Country_ID": "BE",
        "TIN_value": "17456982051",
        "TIN_type": "PTIN",
        "Start_Date": "2019-04-06",
        "End_Date": "",
        "TIN_status": "Aktiv"
    },
    {
        "CPR_nr": "2409605780",
        "F_name": "Jackie",
        "Surname": "Miller",
        "EmployerID": 38,
        "Country_ID": "GR",
        "TIN_value": "618544245",
        "TIN_type": "PTIN",
        "Start_Date": "2023-09-27",
        "End_Date": "2012-12-27",
        "TIN_status": "Inaktiv"
    },
    {
        "CPR_nr": "1912697572",
        "F_name": "Garrett",
        "Surname": "Garcia",
        "EmployerID": 45,
        "Country_ID": "US",
        "TIN_value": "066-61-8986",
        "TIN_type": "PTIN",
        "Start_Date": "2013-01-28",
        "End_Date": "2006-09-05",
        "TIN_status": "Inaktiv"
    },
    {
        "CPR_nr": "1905817892",
        "F_name": "Brian",
        "Surname": "Wise",
        "EmployerID": 7,
        "Country_ID": "AR",
        "TIN_value": "81-14921643-3",
        "TIN_type": "ATIN",
        "Start_Date": "2020-10-18",
        "End_Date": "2005-04-12",
        "TIN_status": "Inaktiv"
    },
    {
        "CPR_nr": "1601885697",
        "F_name": "Joan",
        "Surname": "Ramos",
        "EmployerID": 27,
        "Country_ID": "IN",
        "TIN_value": "BCQWU2282E",
        "TIN_type": "PTIN",
        "Start_Date": "2011-08-09",
        "End_Date": "",
        "TIN_status": "Aktiv"
    },
    {
        "CPR_nr": "0708035999",
        "F_name": "Tanner",
        "Surname": "Pitts",
        "EmployerID": 18,
        "Country_ID": "GR",
        "TIN_value": "527209652",
        "TIN_type": "ITIN",
        "Start_Date": "2006-04-02",
        "End_Date": "",
        "TIN_status": "Aktiv"
    },
    {
        "CPR_nr": "0810029307",
        "F_name": "Sarah",
        "Surname": "Dunn",
        "EmployerID": 29,
        "Country_ID": "GR",
        "TIN_value": "964144020",
        "TIN_type": "EIN",
        "Start_Date": "2010-08-21",
        "End_Date": "",
        "TIN_status": "Aktiv"
    },
    {
        "CPR_nr": "2211841860",
        "F_name": "Derek",
        "Surname": "Fry",
        "EmployerID": 39,
        "Country_ID": "FI",
        "TIN_value": "829979-6884",
        "TIN_type": "StateID",
        "Start_Date": "2019-11-28",
        "End_Date": "",
        "TIN_status": "Aktiv"
    },
    {
        "CPR_nr": "0101900627",
        "F_name": "Regina",
        "Surname": "Olson",
        "EmployerID": 45,
        "Country_ID": "US",
        "TIN_value": "233-12-7240",
        "TIN_type": "PTIN",
        "Start_Date": "2022-04-11",
        "End_Date": "",
        "TIN_status": "Aktiv"
    },
    {
        "CPR_nr": "2704626241",
        "F_name": "Kyle",
        "Surname": "Gutierrez",
        "EmployerID": 46,
        "Country_ID": "JP",
        "TIN_value": "793867349362",
        "TIN_type": "EIN",
        "Start_Date": "2020-11-03",
        "End_Date": "",
        "TIN_status": "Aktiv"
    },
    {
        "CPR_nr": "1108988085",
        "F_name": "Eric",
        "Surname": "Smith",
        "EmployerID": 40,
        "Country_ID": "MT",
        "TIN_value": "8254780S",
        "TIN_type": "StateID",
        "Start_Date": "2010-06-20",
        "End_Date": "",
        "TIN_status": "Aktiv"
    },
    {
        "CPR_nr": "2211937685",
        "F_name": "Sandra",
        "Surname": "Arroyo",
        "EmployerID": 46,
        "Country_ID": "JP",
        "TIN_value": "297389509112",
        "TIN_type": "PTIN",
        "Start_Date": "2007-01-07",
        "End_Date": "",
        "TIN_status": "Aktiv"
    },
    {
        "CPR_nr": "0612900159",
        "F_name": "Thomas",
        "Surname": "Smith",
        "EmployerID": 46,
        "Country_ID": "JP",
        "TIN_value": "933719317209",
        "TIN_type": "ITIN",
        "Start_Date": "2004-10-06",
        "End_Date": "",
        "TIN_status": "Aktiv"
    },
    {
        "CPR_nr": "0807696781",
        "F_name": "Russell",
        "Surname": "Carter",
        "EmployerID": 38,
        "Country_ID": "GR",
        "TIN_value": "712718094",
        "TIN_type": "StateID",
        "Start_Date": "2012-09-19",
        "End_Date": "",
        "TIN_status": "Aktiv"
    },
    {
        "CPR_nr": "2311903179",
        "F_name": "Jerry",
        "Surname": "Smith",
        "EmployerID": 44,
        "Country_ID": "NO",
        "TIN_value": "86628183576",
        "TIN_type": "ITIN",
        "Start_Date": "2014-11-02",
        "End_Date": "",
        "TIN_status": "Aktiv"
    },
    {
        "CPR_nr": "0202857298",
        "F_name": "Nathaniel",
        "Surname": "Jenkins",
        "EmployerID": 7,
        "Country_ID": "AR",
        "TIN_value": "86-63266341-6",
        "TIN_type": "SSN",
        "Start_Date": "2013-06-07",
        "End_Date": "2017-09-14",
        "TIN_status": "Inaktiv"
    },
    {
        "CPR_nr": "2302731119",
        "F_name": "Colleen",
        "Surname": "Black",
        "EmployerID": 4,
        "Country_ID": "AU",
        "TIN_value": "034244204",
        "TIN_type": "EIN",
        "Start_Date": "2005-07-25",
        "End_Date": "",
        "TIN_status": "Aktiv"
    },
    {
        "CPR_nr": "1206981935",
        "F_name": "Lauren",
        "Surname": "Austin",
        "EmployerID": 29,
        "Country_ID": "GR",
        "TIN_value": "210037068",
        "TIN_type": "PTIN",
        "Start_Date": "2021-07-02",
        "End_Date": "",
        "TIN_status": "Aktiv"
    },
    {
        "CPR_nr": "0904793806",
        "F_name": "Heather",
        "Surname": "Nelson",
        "EmployerID": 48,
        "Country_ID": "HK",
        "TIN_value": "A846312(i)",
        "TIN_type": "StateID",
        "Start_Date": "2007-01-05",
        "End_Date": "2009-03-13",
        "TIN_status": "Inaktiv"
    },
    {
        "CPR_nr": "1508016067",
        "F_name": "Keith",
        "Surname": "Walsh",
        "EmployerID": 16,
        "Country_ID": "BR",
        "TIN_value": "974.973.502-08",
        "TIN_type": "PTIN",
        "Start_Date": "2017-05-09",
        "End_Date": "",
        "TIN_status": "Aktiv"
    },
    {
        "CPR_nr": "0909800976",
        "F_name": "Andrew",
        "Surname": "Compton",
        "EmployerID": 25,
        "Country_ID": "GR",
        "TIN_value": "516133637",
        "TIN_type": "ATIN",
        "Start_Date": "2014-01-17",
        "End_Date": "",
        "TIN_status": "Aktiv"
    },
    {
        "CPR_nr": "0412038742",
        "F_name": "Julian",
        "Surname": "Martinez",
        "EmployerID": 1,
        "Country_ID": "ZA",
        "TIN_value": "8489005480",
        "TIN_type": "EIN",
        "Start_Date": "2009-06-20",
        "End_Date": "2010-11-21",
        "TIN_status": "Inaktiv"
    },
    {
        "CPR_nr": "0808620211",
        "F_name": "Samuel",
        "Surname": "Smith",
        "EmployerID": 15,
        "Country_ID": "LT",
        "TIN_value": "99814150082",
        "TIN_type": "StateID",
        "Start_Date": "2009-03-18",
        "End_Date": "",
        "TIN_status": "Aktiv"
    },
    {
        "CPR_nr": "2705668549",
        "F_name": "Christopher",
        "Surname": "Smith",
        "EmployerID": 29,
        "Country_ID": "GR",
        "TIN_value": "290509600",
        "TIN_type": "StateID",
        "Start_Date": "2011-06-26",
        "End_Date": "",
        "TIN_status": "Aktiv"
    },
    {
        "CPR_nr": "1004911305",
        "F_name": "Jeff",
        "Surname": "Fisher",
        "EmployerID": 12,
        "Country_ID": "IS",
        "TIN_value": "7570512046",
        "TIN_type": "StateID",
        "Start_Date": "2004-07-17",
        "End_Date": "2012-02-24",
        "TIN_status": "Inaktiv"
    },
    {
        "CPR_nr": "2712851097",
        "F_name": "Charles",
        "Surname": "Harrison",
        "EmployerID": 25,
        "Country_ID": "GR",
        "TIN_value": "143630672",
        "TIN_type": "ATIN",
        "Start_Date": "2016-06-11",
        "End_Date": "2022-02-26",
        "TIN_status": "Inaktiv"
    },
    {
        "CPR_nr": "0811637352",
        "F_name": "James",
        "Surname": "Skinner",
        "EmployerID": 11,
        "Country_ID": "CH",
        "TIN_value": "1099879533841",
        "TIN_type": "ITIN",
        "Start_Date": "2004-09-17",
        "End_Date": "",
        "TIN_status": "Aktiv"
    },
    {
        "CPR_nr": "3101986220",
        "F_name": "Lisa",
        "Surname": "Clayton",
        "EmployerID": 3,
        "Country_ID": "SE",
        "TIN_value": "125994079",
        "TIN_type": "EIN",
        "Start_Date": "2012-12-03",
        "End_Date": "2007-09-10",
        "TIN_status": "Inaktiv"
    },
    {
        "CPR_nr": "2910603016",
        "F_name": "Paul",
        "Surname": "Proctor",
        "EmployerID": 39,
        "Country_ID": "FI",
        "TIN_value": "303718-3764",
        "TIN_type": "SSN",
        "Start_Date": "2021-03-12",
        "End_Date": "",
        "TIN_status": "Aktiv"
    },
    {
        "CPR_nr": "2401612621",
        "F_name": "Sharon",
        "Surname": "Moore",
        "EmployerID": 37,
        "Country_ID": "MT",
        "TIN_value": "0881474M",
        "TIN_type": "PTIN",
        "Start_Date": "2019-04-22",
        "End_Date": "",
        "TIN_status": "Aktiv"
    },
    {
        "CPR_nr": "3009707300",
        "F_name": "Michael",
        "Surname": "Williams",
        "EmployerID": 46,
        "Country_ID": "JP",
        "TIN_value": "676890811692",
        "TIN_type": "EIN",
        "Start_Date": "2014-03-21",
        "End_Date": "2006-12-26",
        "TIN_status": "Inaktiv"
    },
    {
        "CPR_nr": "3005676982",
        "F_name": "Elizabeth",
        "Surname": "Mcpherson",
        "EmployerID": 34,
        "Country_ID": "BE",
        "TIN_value": "33644397769",
        "TIN_type": "ATIN",
        "Start_Date": "2024-06-27",
        "End_Date": "",
        "TIN_status": "Aktiv"
    },
    {
        "CPR_nr": "0607034737",
        "F_name": "Joel",
        "Surname": "Hamilton",
        "EmployerID": 23,
        "Country_ID": "AU",
        "TIN_value": "335554398",
        "TIN_type": "ATIN",
        "Start_Date": "2009-07-19",
        "End_Date": "",
        "TIN_status": "Aktiv"
    },
    {
        "CPR_nr": "0204685955",
        "F_name": "Alexis",
        "Surname": "Bauer",
        "EmployerID": 43,
        "Country_ID": "CY",
        "TIN_value": "91630097S",
        "TIN_type": "ITIN",
        "Start_Date": "2022-10-13",
        "End_Date": "2017-03-05",
        "TIN_status": "Inaktiv"
    },
    {
        "CPR_nr": "0504980647",
        "F_name": "Caitlyn",
        "Surname": "Watson",
        "EmployerID": 42,
        "Country_ID": "UK",
        "TIN_value": "VW132719O",
        "TIN_type": "PTIN",
        "Start_Date": "2014-10-10",
        "End_Date": "",
        "TIN_status": "Aktiv"
    },
    {
        "CPR_nr": "0806966781",
        "F_name": "Brian",
        "Surname": "Kelly",
        "EmployerID": 21,
        "Country_ID": "KR",
        "TIN_value": "7786535265438",
        "TIN_type": "ITIN",
        "Start_Date": "2007-07-28",
        "End_Date": "",
        "TIN_status": "Aktiv"
    },
    {
        "CPR_nr": "2405921251",
        "F_name": "Eric",
        "Surname": "Herrera",
        "EmployerID": 34,
        "Country_ID": "BE",
        "TIN_value": "80329909269",
        "TIN_type": "PTIN",
        "Start_Date": "2009-09-21",
        "End_Date": "",
        "TIN_status": "Aktiv"
    },
    {
        "CPR_nr": "0812827563",
        "F_name": "Daniel",
        "Surname": "Freeman",
        "EmployerID": 3,
        "Country_ID": "SE",
        "TIN_value": "325725691",
        "TIN_type": "ITIN",
        "Start_Date": "2014-07-27",
        "End_Date": "2009-05-24",
        "TIN_status": "Inaktiv"
    },
    {
        "CPR_nr": "1910713544",
        "F_name": "Linda",
        "Surname": "Gonzales",
        "EmployerID": 33,
        "Country_ID": "HU",
        "TIN_value": "1412129737",
        "TIN_type": "PTIN",
        "Start_Date": "2004-01-08",
        "End_Date": "",
        "TIN_status": "Aktiv"
    },
    {
        "CPR_nr": "2504947930",
        "F_name": "James",
        "Surname": "Norris",
        "EmployerID": 41,
        "Country_ID": "IN",
        "TIN_value": "FTCJS5240I",
        "TIN_type": "SSN",
        "Start_Date": "2024-03-05",
        "End_Date": "",
        "TIN_status": "Aktiv"
    },
    {
        "CPR_nr": "0311918285",
        "F_name": "Heidi",
        "Surname": "Lopez",
        "EmployerID": 7,
        "Country_ID": "AR",
        "TIN_value": "28-55749821-8",
        "TIN_type": "EIN",
        "Start_Date": "2012-05-06",
        "End_Date": "",
        "TIN_status": "Aktiv"
    },
    {
        "CPR_nr": "2708049979",
        "F_name": "Eric",
        "Surname": "Phillips",
        "EmployerID": 42,
        "Country_ID": "UK",
        "TIN_value": "YU485708L",
        "TIN_type": "SSN",
        "Start_Date": "2023-02-27",
        "End_Date": "2024-12-27",
        "TIN_status": "Inaktiv"
    },
    {
        "CPR_nr": "2809760117",
        "F_name": "Nicole",
        "Surname": "Harvey",
        "EmployerID": 30,
        "Country_ID": "SI",
        "TIN_value": "54522084",
        "TIN_type": "SSN",
        "Start_Date": "2009-07-18",
        "End_Date": "",
        "TIN_status": "Aktiv"
    },
    {
        "CPR_nr": "2904793342",
        "F_name": "Michael",
        "Surname": "Oliver",
        "EmployerID": 4,
        "Country_ID": "AU",
        "TIN_value": "248193466",
        "TIN_type": "ATIN",
        "Start_Date": "2007-10-25",
        "End_Date": "2016-12-04",
        "TIN_status": "Inaktiv"
    },
    {
        "CPR_nr": "1304781484",
        "F_name": "Malik",
        "Surname": "Brown",
        "EmployerID": 28,
        "Country_ID": "ZA",
        "TIN_value": "2358945892",
        "TIN_type": "ATIN",
        "Start_Date": "2005-10-20",
        "End_Date": "",
        "TIN_status": "Aktiv"
    },
    {
        "CPR_nr": "1501722594",
        "F_name": "Tammy",
        "Surname": "Fuentes",
        "EmployerID": 35,
        "Country_ID": "NL",
        "TIN_value": "106333920B01",
        "TIN_type": "StateID",
        "Start_Date": "2010-10-03",
        "End_Date": "2008-12-21",
        "TIN_status": "Inaktiv"
    },
    {
        "CPR_nr": "1410655357",
        "F_name": "James",
        "Surname": "Vega",
        "EmployerID": 5,
        "Country_ID": "TR",
        "TIN_value": "25044570160",
        "TIN_type": "ITIN",
        "Start_Date": "2007-04-11",
        "End_Date": "2021-05-27",
        "TIN_status": "Inaktiv"
    },
    {
        "CPR_nr": "2203944992",
        "F_name": "Katie",
        "Surname": "Moore",
        "EmployerID": 49,
        "Country_ID": "DE",
        "TIN_value": "74109649171",
        "TIN_type": "ATIN",
        "Start_Date": "2012-06-17",
        "End_Date": "2005-01-12",
        "TIN_status": "Inaktiv"
    },
    {
        "CPR_nr": "2201649895",
        "F_name": "Justin",
        "Surname": "Ortiz",
        "EmployerID": 31,
        "Country_ID": "BE",
        "TIN_value": "83685848236",
        "TIN_type": "EIN",
        "Start_Date": "2024-09-05",
        "End_Date": "2016-07-07",
        "TIN_status": "Inaktiv"
    },
    {
        "CPR_nr": "2007808947",
        "F_name": "Marc",
        "Surname": "Davis",
        "EmployerID": 41,
        "Country_ID": "IN",
        "TIN_value": "CMGFM1022G",
        "TIN_type": "EIN",
        "Start_Date": "2024-10-13",
        "End_Date": "2023-02-15",
        "TIN_status": "Inaktiv"
    },
    {
        "CPR_nr": "0602006834",
        "F_name": "Anthony",
        "Surname": "May",
        "EmployerID": 1,
        "Country_ID": "ZA",
        "TIN_value": "3384006407",
        "TIN_type": "SSN",
        "Start_Date": "2006-04-19",
        "End_Date": "2014-04-09",
        "TIN_status": "Inaktiv"
    },
    {
        "CPR_nr": "2602059877",
        "F_name": "Paul",
        "Surname": "Burns",
        "EmployerID": 37,
        "Country_ID": "MT",
        "TIN_value": "9940539T",
        "TIN_type": "PTIN",
        "Start_Date": "2019-06-10",
        "End_Date": "2017-08-05",
        "TIN_status": "Inaktiv"
    },
    {
        "CPR_nr": "2404690127",
        "F_name": "Chad",
        "Surname": "Conrad",
        "EmployerID": 14,
        "Country_ID": "PL",
        "TIN_value": "2476831585",
        "TIN_type": "ATIN",
        "Start_Date": "2009-07-23",
        "End_Date": "",
        "TIN_status": "Aktiv"
    },
    {
        "CPR_nr": "0305772809",
        "F_name": "Jason",
        "Surname": "Henry",
        "EmployerID": 12,
        "Country_ID": "IS",
        "TIN_value": "1705865094",
        "TIN_type": "EIN",
        "Start_Date": "2017-01-23",
        "End_Date": "",
        "TIN_status": "Aktiv"
    },
    {
        "CPR_nr": "0310666926",
        "F_name": "Allison",
        "Surname": "Navarro",
        "EmployerID": 8,
        "Country_ID": "IL",
        "TIN_value": "294731649",
        "TIN_type": "StateID",
        "Start_Date": "2007-07-25",
        "End_Date": "",
        "TIN_status": "Aktiv"
    },
    {
        "CPR_nr": "0207057406",
        "F_name": "Mary",
        "Surname": "Miller",
        "EmployerID": 49,
        "Country_ID": "DE",
        "TIN_value": "87284986059",
        "TIN_type": "ATIN",
        "Start_Date": "2008-03-13",
        "End_Date": "2017-05-26",
        "TIN_status": "Inaktiv"
    },
    {
        "CPR_nr": "3005993716",
        "F_name": "Jason",
        "Surname": "Stone",
        "EmployerID": 43,
        "Country_ID": "CY",
        "TIN_value": "13863383K",
        "TIN_type": "SSN",
        "Start_Date": "2023-12-10",
        "End_Date": "",
        "TIN_status": "Aktiv"
    },
    {
        "CPR_nr": "2408933805",
        "F_name": "Colleen",
        "Surname": "White",
        "EmployerID": 13,
        "Country_ID": "PT",
        "TIN_value": "975523149",
        "TIN_type": "SSN",
        "Start_Date": "2020-07-04",
        "End_Date": "",
        "TIN_status": "Aktiv"
    },
    {
        "CPR_nr": "2909830695",
        "F_name": "Kara",
        "Surname": "Perry",
        "EmployerID": 21,
        "Country_ID": "KR",
        "TIN_value": "8926301419231",
        "TIN_type": "ITIN",
        "Start_Date": "2007-04-05",
        "End_Date": "",
        "TIN_status": "Aktiv"
    },
    {
        "CPR_nr": "2303853211",
        "F_name": "Daniel",
        "Surname": "Fowler",
        "EmployerID": 37,
        "Country_ID": "MT",
        "TIN_value": "5761228Z",
        "TIN_type": "PTIN",
        "Start_Date": "2009-05-10",
        "End_Date": "",
        "TIN_status": "Aktiv"
    },
    {
        "CPR_nr": "2610653965",
        "F_name": "William",
        "Surname": "Sandoval",
        "EmployerID": 1,
        "Country_ID": "ZA",
        "TIN_value": "2345247256",
        "TIN_type": "EIN",
        "Start_Date": "2022-10-26",
        "End_Date": "",
        "TIN_status": "Aktiv"
    },
    {
        "CPR_nr": "0201752636",
        "F_name": "Amanda",
        "Surname": "Greene",
        "EmployerID": 18,
        "Country_ID": "GR",
        "TIN_value": "485995156",
        "TIN_type": "EIN",
        "Start_Date": "2021-03-16",
        "End_Date": "2024-02-14",
        "TIN_status": "Inaktiv"
    },
    {
        "CPR_nr": "0209696813",
        "F_name": "Sarah",
        "Surname": "Orr",
        "EmployerID": 29,
        "Country_ID": "GR",
        "TIN_value": "485195859",
        "TIN_type": "ITIN",
        "Start_Date": "2011-10-01",
        "End_Date": "2005-11-20",
        "TIN_status": "Inaktiv"
    },
    {
        "CPR_nr": "1101664808",
        "F_name": "Andrea",
        "Surname": "Shea",
        "EmployerID": 42,
        "Country_ID": "UK",
        "TIN_value": "KI566593N",
        "TIN_type": "PTIN",
        "Start_Date": "2019-08-12",
        "End_Date": "",
        "TIN_status": "Aktiv"
    },
    {
        "CPR_nr": "2312750740",
        "F_name": "Nicholas",
        "Surname": "Pierce",
        "EmployerID": 35,
        "Country_ID": "NL",
        "TIN_value": "310917183B01",
        "TIN_type": "ITIN",
        "Start_Date": "2014-06-27",
        "End_Date": "",
        "TIN_status": "Aktiv"
    },
    {
        "CPR_nr": "1511879283",
        "F_name": "Julie",
        "Surname": "Ward",
        "EmployerID": 47,
        "Country_ID": "UK",
        "TIN_value": "MB776004H",
        "TIN_type": "SSN",
        "Start_Date": "2008-04-03",
        "End_Date": "2014-06-28",
        "TIN_status": "Inaktiv"
    },
    {
        "CPR_nr": "1112667825",
        "F_name": "Derek",
        "Surname": "Zamora",
        "EmployerID": 33,
        "Country_ID": "HU",
        "TIN_value": "3712815143",
        "TIN_type": "PTIN",
        "Start_Date": "2011-01-24",
        "End_Date": "2005-09-12",
        "TIN_status": "Inaktiv"
    },
    {
        "CPR_nr": "2611856707",
        "F_name": "Adam",
        "Surname": "Joyce",
        "EmployerID": 50,
        "Country_ID": "EE",
        "TIN_value": "38303990452",
        "TIN_type": "SSN",
        "Start_Date": "2014-09-12",
        "End_Date": "",
        "TIN_status": "Aktiv"
    },
    {
        "CPR_nr": "1604709680",
        "F_name": "Jason",
        "Surname": "Edwards",
        "EmployerID": 35,
        "Country_ID": "NL",
        "TIN_value": "679473892B01",
        "TIN_type": "ATIN",
        "Start_Date": "2007-12-05",
        "End_Date": "",
        "TIN_status": "Aktiv"
    },
    {
        "CPR_nr": "1610623679",
        "F_name": "Niels",
        "Surname": "Petersen",
        "EmployerID": 15,
        "Country_ID": "UK",
        "TIN_value": "LS626636U",
        "TIN_type": "Auto",
        "Start_Date": "2019-04-04",
        "End_Date": "",
        "TIN_status": "Aktiv"
    },
    {
        "CPR_nr": "1004981971",
        "F_name": "Kim",
        "Surname": "Larsen",
        "EmployerID": 37,
        "Country_ID": "HU",
        "TIN_value": "6730369061",
        "TIN_type": "Auto",
        "Start_Date": "2023-10-16",
        "End_Date": "2016-12-13",
        "TIN_status": "Inaktiv"
    },
    {
        "CPR_nr": "1506640001",
        "F_name": "Michael",
        "Surname": "Laudrup",
        "EmployerID": 51,
        "Country_ID": "ES",
        "TIN_value": "308890170",
        "TIN_type": "EIN",
        "Start_Date": "1989-01-01",
        "End_Date": "1994-01-01",
        "TIN_status": "Inaktiv"
    }
]