EmployerID,Name,Country_ID
1,Edwards LLC,ZA
2,Reyes and Sons,CH
3,"Haney, Thomas and Moreno",SE
4,Bishop and Sons,AU
5,Bell-Lewis,TR
6,"Hernandez, Jenkins and Parks",AR
7,Miller Inc,AR
8,Goodwin PLC,IL
9,"Cruz, Richmond and Edwards",EE
10,Wright Ltd,SG
11,Wright PLC,CH
12,"Griffith, Mitchell and Pugh",IS
13,Abbott Ltd,PT
14,Harris-Lawson,PL
15,Adkins LLC,LT
16,"Brown, Hurst and Blevins",BR
17,Cruz-Allen,IE
18,"Wheeler, Rice and Levine",GR
19,Peck-Anderson,TR
20,"Fisher, Payne and Thompson",IN
21,Best-Townsend,KR
22,Matthews Inc,PT
23,Lewis-Livingston,AU
24,Hunter-Fuller,HK
25,"Wang, Henderson and Morales",GR
26,"Herrera, Jensen and Ramirez",IL
27,Miller-Mccall,IN
28,Herrera Group,ZA
29,"Walters, Davenport and Becker",GR
30,Collins Group,SI
31,"Ashley, Allen and Sanchez",BE
32,Wilson-Salazar,IL
33,Parker Ltd,HU
34,"Yang, Wilson and Zimmerman",BE
35,"Smith, Crawford and Reed",NL
36,"Logan, Le and Jackson",IL
37,Brady LLC,MT
38,"Tanner, Wise and Johnson",GR
39,Nelson-Brown,FI
40,"Proctor, Burton and Crawford",MT
41,"Ward, Porter and Bradley",IN
42,Moore-Ayala,UK
43,"Craig, Wilson and Yang",CY
44,Williams Inc,NO
45,Williams LLC,US
46,Mora-White,JP
47,Tran Ltd,UK
48,"Rios, Walker and Wright",HK
49,"Flores, Mckenzie and Duncan",DE
50,Shaw Inc,EE
51,Barcelona,ES
